title,price,location,size_lt,size_lb,bedrooms,bathrooms,cars
"Dijual Rumah Semi Furnished Full Renov, Bagus Murah Dibawah Pasaran","Rp 1,55 Miliar",9,No LT,No LB,No bedrooms,No bathrooms,No car slots
Di Jual Rumah Mewah Brand New Di Alam Sutera,"Rp 18,5 Miliar",21,No LT,No LB,No bedrooms,No bathrooms,No car slots
Naraya Serpong Dekat Aeon Mall Bsd Stasiun Mrt Puspitek,Rp 975 Juta,11,No LT,No LB,No bedrooms,No bathrooms,No car slots
Rumah Hoek Sekt 9 Dijamin Betah Di Rumah,"Rp 3,75 Miliar",10,No LT,No LB,No bedrooms,No bathrooms,No car slots
Rumah Hook 2 Lantai Sudah Renovasi Di Kompleks Puri Bintaro Hijau,"Rp 1,2 Miliar",15,No LT,No LB,No bedrooms,No bathrooms,No car slots
Rumah 2 Lantai Baru SHM di Graha Taman Bintaro Jaya Sektor 9,"Rp 12,5 Miliar",20,No LT,No LB,No bedrooms,No bathrooms,No car slots
Rumah Baru 10 Menit Dr Pintu Toll Pamulang,"Rp 2,13 Miliar",10,No LT,No LB,No bedrooms,No bathrooms,No car slots
"Tanakayu, BSD City",No price,Official Developer,No LT,No LB,No bedrooms,No bathrooms,No car slots
Rumah Mewah Di Perumahan The Riviera At Puri. Keppel Metland Jo,"Rp 6,5 Miliar",9,No LT,No LB,No bedrooms,No bathrooms,No car slots
Rumah 2Lantai Bangunan Siap Huni Dalam Cluster Di Graha Raya,"Rp 2,47 Miliar",7,No LT,No LB,No bedrooms,No bathrooms,No car slots
Rumah Nego Hadap Utara 10 Menit ke RS EMC Tangerang Dibantu KPR J23761,Rp 840 Juta,10,No LT,No LB,No bedrooms,No bathrooms,No car slots
Hiera,No price,Official Developer,No LT,No LB,No bedrooms,No bathrooms,No car slots
Rumah Rapi Siap Huni di Puspita Loka BSD Dekat Tol,"Rp 3,35 Miliar",11,No LT,No LB,No bedrooms,No bathrooms,No car slots
Rumah 2 Lantai Di Residence One Bsd Serpong,"Rp 1,7 Miliar",8,No LT,No LB,No bedrooms,No bathrooms,No car slots
Rumah Minimalis Full Furnish di BSD Dekat Sekolah,"Rp 1,9 Miliar",10,No LT,No LB,No bedrooms,No bathrooms,No car slots
Sutera Rasuna,No price,Official Developer,No LT,No LB,No bedrooms,No bathrooms,No car slots
Take Over Rumah Spring Hill Yume Lagoon,Rp 580 Juta,12,No LT,No LB,No bedrooms,No bathrooms,No car slots
rumah baru 2 lantai lokasi nempel bsd,"Rp 1,1 Miliar",10,No LT,No LB,No bedrooms,No bathrooms,No car slots
Rumah 2 Lt Baru Renov 15 Menit Ke Living World Alam Sutera Semi Furnished J24173,"Rp 1,61 Miliar",25,No LT,No LB,No bedrooms,No bathrooms,No car slots
Aksara Homes,No price,Official Developer,No LT,No LB,No bedrooms,No bathrooms,No car slots
Rumah Idaman Dekat Gading Serpong Fasilitas Lengkap,"Rp 2,5 Miliar",11,No LT,No LB,No bedrooms,No bathrooms,No car slots
Murah Banget !!! Rumah Baru Poris Indah Luas 66 Bonus 3 Ac,"Rp 1,4 Miliar",13,No LT,No LB,No bedrooms,No bathrooms,No car slots
Bangunan Mandiri The Icon Bsd City,"Rp 4,95 Miliar",17,No LT,No LB,No bedrooms,No bathrooms,No car slots
"Dijual Rumah De Park Heliconia Bsd Semi Furnish dekat dengan Grand lucky, aeon mall, nanyang school, ipeka school, breeze, unilever, Prasetya Mulya university","Rp 8,2 Miliar",14,No LT,No LB,No bedrooms,No bathrooms,No car slots
Rumah Dijual Hook di Cluster Banjar Wijaya Cipondoh Tangerang,"Rp 2,5 Miliar",15,No LT,No LB,No bedrooms,No bathrooms,No car slots
Rumah Baru Keren Di Hoek Bsd Delatinos Siap Huni,"Rp 6,95 Miliar",35,No LT,No LB,No bedrooms,No bathrooms,No car slots
Rumah HOEK Lavon 2 Siap Huni,"Rp 1,7 Miliar",15,No LT,No LB,No bedrooms,No bathrooms,No car slots
Murah. Harus Terjual Sangat Cepat. Rumah 3 Lantai Bagus Di Bsd Eminent,"Rp 3,95 Miliar",19,No LT,No LB,No bedrooms,No bathrooms,No car slots
Rumah Bagus Di Villa Melati Mas Kondisi Rapih Nego Sampe Deal,"Rp 1,7 Miliar",8,No LT,No LB,No bedrooms,No bathrooms,No car slots
Rumah Cantik Kondisi Rapih Bagus Di Suvarna Sutera Cluster Daru,Rp 2 Miliar,11,No LT,No LB,No bedrooms,No bathrooms,No car slots
The First Stone,No price,Official Developer,No LT,No LB,No bedrooms,No bathrooms,No car slots
Green Cove Bsd City Rumah Baru Design Modern Lingkungan Asri,"Rp 9,25 Miliar",28,No LT,No LB,No bedrooms,No bathrooms,No car slots
Jual Cepat Rumah Nusaloka 2 Lantai Depan Taman,"Rp 1,75 Miliar",7,No LT,No LB,No bedrooms,No bathrooms,No car slots
Rumah Baru Design Mewah Dalam Cluster Di South City,Rp 20 Miliar,18,No LT,No LB,No bedrooms,No bathrooms,No car slots
CitraGarden Serpong,No price,Official Developer,No LT,No LB,No bedrooms,No bathrooms,No car slots
Rumah Green Puri Tangerang Banten Ukuran 6 X 15,"Rp 1,95 Miliar",8,No LT,No LB,No bedrooms,No bathrooms,No car slots
"Dijual Kos ,Kontrakan,Ruko,Kios Pesanggrahan Kodam Bintaro","Rp 3,6 Miliar",21,No LT,No LB,No bedrooms,No bathrooms,No car slots
Rumah 2 Lantai Dijual Bsd The Icon Cluster Verdant Ville Lt 112m2,"Rp 2,9 Miliar",15,No LT,No LB,No bedrooms,No bathrooms,No car slots
"Terravia, BSD City",No price,Official Developer,No LT,No LB,No bedrooms,No bathrooms,No car slots
Rumah Bagus Perumahan Eminent Sudah Sertifikat Bsd,"Rp 3,1 Miliar",9,No LT,No LB,No bedrooms,No bathrooms,No car slots
Naraya Serpong Free Surat Surat Paling Dekat Stasiun Mrt,"Rp 1,19 Miliar",10,No LT,No LB,No bedrooms,No bathrooms,No car slots
CASH / KPR - Rumah Mewah BSD 9x20 (3 Lantai),"Rp 6,5 Miliar",11,No LT,No LB,No bedrooms,No bathrooms,No car slots
"Excelia @Taman Banjar Wijaya, Tangerang",No price,Official Developer,No LT,No LB,No bedrooms,No bathrooms,No car slots
CASH / KPR - Rumah Mewah BSD 9X20 (3 Lantai),"Rp 6,5 Miliar",10,No LT,No LB,No bedrooms,No bathrooms,No car slots
"Rumah Rapih Siap Huni Cluster Fiore, Foresta, Bsd City, Tangerang","Rp 3,2 Miliar",18,No LT,No LB,No bedrooms,No bathrooms,No car slots
"Rumah Siap Huni Cluster Simplycity, The Icon, Bsd City, Tengerang","Rp 4,5 MiliarRp 5MHEMAT 451 Jutaan",-9%,No LT,No LB,No bedrooms,No bathrooms,No car slots
Rumah Cantik Di Gading Serpong Cluster Samara Village,Rp 2 Miliar,14,No LT,No LB,No bedrooms,No bathrooms,No car slots
Di Jual Rumah Malibu Village (7x8),"Rp 1,5 Miliar",10,No LT,No LB,No bedrooms,No bathrooms,No car slots
Rumah Besar Tapi Murah Di Cluster Fiordini (7x17),"Rp 2,5 Miliar",5,No LT,No LB,No bedrooms,No bathrooms,No car slots
Jual Rugi!!! Rumah Di Cluster Tabebuya Invesihaus ( 5x10),"Rp 1,3 Miliar",9,No LT,No LB,No bedrooms,No bathrooms,No car slots
"Rumah 2 Lantai Murah Paling Dicari di Alam Sutera 2, Cocok Untuk Investasi",Rp 880 Juta,6,No LT,No LB,No bedrooms,No bathrooms,No car slots
Rumah Baru 1 Lantai Termurah Dekat Ke Sta. Cisauk & Aeon Mal Bsd,Rp 799 Juta,8,No LT,No LB,No bedrooms,No bathrooms,No car slots
"Rumah 3 Kamar Siap Huni Sudah Ada Kanopi Dekat Umn, Uph","Rp 1,65 Miliar",10,No LT,No LB,No bedrooms,No bathrooms,No car slots
Synthesis Homes,No price,Official Developer,No LT,No LB,No bedrooms,No bathrooms,No car slots
Rumah Gading Serpong Luas 210 M2 Hoek Murah ! Semifurnished Bagus,"Rp 3,9 Miliar",9,No LT,No LB,No bedrooms,No bathrooms,No car slots
"Rumah Mewah Taman Tirta Golf, Bsd City Tangerang",Rp 17 Miliar,16,No LT,No LB,No bedrooms,No bathrooms,No car slots
Dijual Rumah Baru Alam Sutera Lokasi Dekat Sekolah Laurensia,"Rp 2,7 Miliar",10,No LT,No LB,No bedrooms,No bathrooms,No car slots
"Tresor, BSD City",No price,Official Developer,No LT,No LB,No bedrooms,No bathrooms,No car slots
Brand New Alam Sutera 3 Lantai Murah !! (6x16),Rp 3 Miliar,7,No LT,No LB,No bedrooms,No bathrooms,No car slots
Rugi Bandarr !!! Vanya Park Bsd City (6x10) Paling Murahhhh,"Rp 1,17 Miliar",8,No LT,No LB,No bedrooms,No bathrooms,No car slots
Termurah Cluster Flaminggo Gading Serpong (8x16),"Rp 3,2 Miliar",5,No LT,No LB,No bedrooms,No bathrooms,No car slots
"Zena Exclusive Shared House, BSD City",No price,Official Developer,No LT,No LB,No bedrooms,No bathrooms,No car slots
Rumah Brand New Sektor Gading Serpong 1 (6x18)1,"Rp 2,1 Miliar",11,No LT,No LB,No bedrooms,No bathrooms,No car slots
Dijual Brand New Sektor 1 Gading Serpong (7x18),"Rp 2,25 Miliar",15,No LT,No LB,No bedrooms,No bathrooms,No car slots
Rumah Cakep Gading Serpong Sekto 7A,"Rp 1,9 Miliar",12,No LT,No LB,No bedrooms,No bathrooms,No car slots
"Myza, BSD City",No price,Official Developer,No LT,No LB,No bedrooms,No bathrooms,No car slots
KECIL CABE RAWITT Malibu Village Gading Serpong FURNISHED,"Rp 1,5 Miliar",10,No LT,No LB,No bedrooms,No bathrooms,No car slots
Rumah Minimalis 2 Lantai di Bintaro Jaya Sektor 9,"Rp 2,16 Miliar",11,No LT,No LB,No bedrooms,No bathrooms,No car slots
Rumah Luas 72 Termurah Di Gading Serpong One Gate System,"Rp 1,1 Miliar",9,No LT,No LB,No bedrooms,No bathrooms,No car slots
Segera Dapatkan Hiera Winyard Rumah di BSD,"Rp 2,8 Miliar",12,No LT,No LB,No bedrooms,No bathrooms,No car slots
TERWORTH IT GRAND PASADENA VILLAGE Rumah 3 Lantai di Gading Serpong,"Rp 4,99 Miliar",15,No LT,No LB,No bedrooms,No bathrooms,No car slots
STROZZI Rumah 3 Lantai di Gading Serpong,"Rp 2,4 Miliar",9,No LT,No LB,No bedrooms,No bathrooms,No car slots
Alicante Full Furnished 8 X 18 Termurah!!!! Tinggal Bawa Koper,"Rp 4,08 Miliar",10,No LT,No LB,No bedrooms,No bathrooms,No car slots
"Rumah Serenade Lake Di Gading Serpong 9x16, Renov, Furnish","Rp 3,6 Miliar",10,No LT,No LB,No bedrooms,No bathrooms,No car slots
Rumah Minimalis Modern Di Dekat Stasiun Sudimara,Rp 970 Juta,12,No LT,No LB,No bedrooms,No bathrooms,No car slots
Rumah Minimalis Modern Di Dekat Stasiun Sudimara,Rp 970 Juta,9,No LT,No LB,No bedrooms,No bathrooms,No car slots
"New Alesha, BSD City",No price,Official Developer,No LT,No LB,No bedrooms,No bathrooms,No car slots
Rumah Siap Huni Kawasan Eminent,"Rp 2,85 Miliar",9,No LT,No LB,No bedrooms,No bathrooms,No car slots
Dp Mulai 0 Townhouse Indah Asri Residen di Bintaro,Rp 800 Juta,8,No LT,No LB,No bedrooms,No bathrooms,No car slots
Cluster Terbaru Summarecon Gading Serpong Cluster Louise,"Rp 3,6 Miliar",27,No LT,No LB,No bedrooms,No bathrooms,No car slots
"Enchante, BSD City",No price,Official Developer,No LT,No LB,No bedrooms,No bathrooms,No car slots
"Rumah Dengan Private Pool , Lt 480m2 , Harga 11.7 M Nego","Rp 11,7 Miliar",24,No LT,No LB,No bedrooms,No bathrooms,No car slots
"Cluster Sutera Winona , Hoek Lt 320m2 Include Lift","Rp 13,1 Miliar",18,No LT,No LB,No bedrooms,No bathrooms,No car slots
Rumah Mewah Termurah Sealam Sutera Nyaman Banget !!,"Rp 11,7 Miliar",15,No LT,No LB,No bedrooms,No bathrooms,No car slots
The Blizfield at BSD City,No price,Official Developer,No LT,No LB,No bedrooms,No bathrooms,No car slots
Cash/Kpr Rumah Lokasi Terbaik Paramount,"Rp 5,13 Miliar",8,No LT,No LB,No bedrooms,No bathrooms,No car slots
Satu2nya unit winona terluas dan ada lift,"Rp 11,5 Miliar",9,No LT,No LB,No bedrooms,No bathrooms,No car slots
Rumah Siap Huni Nara Village Gading Serpong,"Rp 2,65 Miliar",9,No LT,No LB,No bedrooms,No bathrooms,No car slots
"Eonna, BSD City",No price,Official Developer,No LT,No LB,No bedrooms,No bathrooms,No car slots
Rumah Hook Lokasi Strategis di Bintaro Jaya Sektor 9,"Rp 2,3 Miliar",7,No LT,No LB,No bedrooms,No bathrooms,No car slots
"Rumah Mewah 5KT Baru di Bsd, Harga Termurah Area Luas","Rp 3,1 Miliar",14,No LT,No LB,No bedrooms,No bathrooms,No car slots
Rumah Hoek Depan Taman Ada Balkon Luas Di Bintaro Jaya Sektor 9,"Rp 3,9 Miliar",15,No LT,No LB,No bedrooms,No bathrooms,No car slots
Bu Rumah Di Lokasi Strategis Antara Ikea Dan Silktown Graha Raya,"Rp 1,65 Miliar",20,No LT,No LB,No bedrooms,No bathrooms,No car slots
Rumah Lokasi Bagus di Malibu Village Gading Serpong,"Rp 1,15 Miliar",9,No LT,No LB,No bedrooms,No bathrooms,No car slots
Rumah Modern di Alicante Gading Serpong,"Rp 3,99 Miliar",10,No LT,No LB,No bedrooms,No bathrooms,No car slots
Rumah Mewah ada Pool di Kebayoran Residence Bintaro Jaya,"Rp 6,9 Miliar",10,No LT,No LB,No bedrooms,No bathrooms,No car slots
Rumah Brand New Cluster Layton Navapark Bsd City,"Rp 16,5 Miliar",19,No LT,No LB,No bedrooms,No bathrooms,No car slots
"Rumah eksklusif 3 lantai di BSD, Tangerang","Rp 3,1 Miliar",8,No LT,No LB,No bedrooms,No bathrooms,No car slots
Dijual Rumah Zora Bsd Cluster Kimora 3 Lantai 4 Kamar Tidur Luas Tanah 8 X 15,"Rp 5,7 Miliar",22,No LT,No LB,No bedrooms,No bathrooms,No car slots
Suvarna Sutera,No price,Official Developer,No LT,No LB,No bedrooms,No bathrooms,No car slots
Rumah Baru 3 Lantai di Bsd Paling Dicari Milenial,"Rp 4,8 Miliar",7,No LT,No LB,No bedrooms,No bathrooms,No car slots
Rumah 3KT Full Furnished Dengan Rooftop di Bsd Dekat Gading Serpong Alam Sutera,"Rp 3,25 Miliar",11,No LT,No LB,No bedrooms,No bathrooms,No car slots
Rumah Baru 3 Lantai Full Furnished di Tanakayu Bsd,"Rp 3,3 Miliar",8,No LT,No LB,No bedrooms,No bathrooms,No car slots
Serpong Jaya,No price,Official Developer,No LT,No LB,No bedrooms,No bathrooms,No car slots
Rumah Baru 3 Lantai Mewah Luas Terbaik di Bsd City Tangerang,"Rp 5,2 Miliar",19,No LT,No LB,No bedrooms,No bathrooms,No car slots
Dijual Rumah Aristoteles Utara Gading Serpong Rumah Brand New Semi Furnished,"Rp 10,5 Miliar",43,No LT,No LB,No bedrooms,No bathrooms,No car slots
Rumah di Golden Park Tanah Luas Jarang Ada di Bsd Serpong,"Rp 4,8 Miliar",8,No LT,No LB,No bedrooms,No bathrooms,No car slots
Seion Serang,No price,Official Developer,No LT,No LB,No bedrooms,No bathrooms,No car slots
Rumah Dalam Cluster Sektor 9 Dekat Masjid Bintaro Jaya,"Rp 3,3 Miliar",15,No LT,No LB,No bedrooms,No bathrooms,No car slots
Jual Cepat Harga Miring Sektor 9 Bintaro Jaya,"Rp 2,2 Miliar",14,No LT,No LB,No bedrooms,No bathrooms,No car slots
Rumah Baru Full Furnished di Tanakayu Bsd Tangerang Dengan Rooftop,"Rp 3,3 Miliar",8,No LT,No LB,No bedrooms,No bathrooms,No car slots
Springhill Yume Lagoon,No price,Official Developer,No LT,No LB,No bedrooms,No bathrooms,No car slots
"CLUSTER VOLTA at SCIENTIA GARDEN. KAWASAN DEKAT CBD GADING SERPONG, UNIVERSITAS MULTI MEDIA,","Rp 3,4 Miliar",30,No LT,No LB,No bedrooms,No bathrooms,No car slots
"Rumah Bagus Di Villa Bintaro Regency , Pondok Aren Kota Tangerang Selatan","Rp 1,9 Miliar",14,No LT,No LB,No bedrooms,No bathrooms,No car slots
Rumah Bagus Di Graha Raya Bintaro Jaya Tangerang Selatan,Rp 2 Miliar,8,No LT,No LB,No bedrooms,No bathrooms,No car slots
Barang Susah Dicari !!! Dijual Fiordini 9x17,"Rp 3,25 Miliar",10,No LT,No LB,No bedrooms,No bathrooms,No car slots
Dijual Rumah Sutera Winona Alam Sutera 7x18,"Rp 5,3 Miliar",20,No LT,No LB,No bedrooms,No bathrooms,No car slots
"TERUMAAHHHH. RUMAH 3,5 LANTAI 6X 10 TABEBUYA IMPRESAHAUS R","Rp 1,8 Miliar",10,No LT,No LB,No bedrooms,No bathrooms,No car slots
Rumah Lokasi Di iLLAGO Pusat Gading Serpong 7x17,"Rp 2,5 Miliar",6,No LT,No LB,No bedrooms,No bathrooms,No car slots
"Rumah Greenwich Bsd Dekat Q Big, Sekolah Ipeka Dan Gading Serpong","Rp 3,35 Miliar",8,No LT,No LB,No bedrooms,No bathrooms,No car slots
Rumah Luas Hadap Utara Siap Huni 3 Menit ke RS SARI ASIH CIPONDOH Bisa KPR J25635,"Rp 1,93 Miliar",10,No LT,No LB,No bedrooms,No bathrooms,No car slots
Rumah Mewah Modern Minimalis Cluster Lyndon Navapark Bsd Ada Kolam Renang Private Lift,Rp 32 Miliar,27,No LT,No LB,No bedrooms,No bathrooms,No car slots
Cipondoh Lakeview,No price,Official Developer,No LT,No LB,No bedrooms,No bathrooms,No car slots
Rumah Murah di Serpong Dekat Bsd Stasiun Rawabuntu Mrt Puspitek,Rp 700 Juta,11,No LT,No LB,No bedrooms,No bathrooms,No car slots
Rumah 2 Lt Hadap Utara 15 Mnt ke Stasiun KA Serpong Harga Nego Siap KPR J19919,"Rp 1,07 Miliar",10,No LT,No LB,No bedrooms,No bathrooms,No car slots
Rumah SHM Siap Huni Dibantu KPR 15 menit ke Teras Kota Mall Bisa Nego J16381,Rp 998 Juta,10,No LT,No LB,No bedrooms,No bathrooms,No car slots
Ammaia Ecoforest,No price,Official Developer,No LT,No LB,No bedrooms,No bathrooms,No car slots
Rumah Strategis Siap KPR 5 Menit ke Lotte Grosir Serpong Bisa Nego J23178,"Rp 1,24 Miliar",9,No LT,No LB,No bedrooms,No bathrooms,No car slots
"Rumah 2 Lantai BSD City dekat Akses Tol Jakarta, Aeon Mall & Stasiun","Rp 1,98 Miliar",13,No LT,No LB,No bedrooms,No bathrooms,No car slots
Rumah 2 Lantai Siap Huni di Boulevard Gading Serpong menuju BSD,"Rp 2,5 Miliar",11,No LT,No LB,No bedrooms,No bathrooms,No car slots
Jaya Imperial Park,No price,Official Developer,No LT,No LB,No bedrooms,No bathrooms,No car slots
Rumah dengan 5 Kamar Tidur dan Attic super Luas di pusat BSD City,"Rp 3,92 Miliar",25,No LT,No LB,No bedrooms,No bathrooms,No car slots
Rumah Luas Hadap Selatan 3 Menit ke RS SARI ASIH CIPONDOH Siap KPR J25595,Rp 860 Juta,10,No LT,No LB,No bedrooms,No bathrooms,No car slots
"Rumah 2 Lantai Di Bintaro Sektor 9, Perumahan Asri Siap Huni","Rp 7,8 Miliar",16,No LT,No LB,No bedrooms,No bathrooms,No car slots
Parkville Serpong,No price,Official Developer,No LT,No LB,No bedrooms,No bathrooms,No car slots
Rumah 2 Lantai Dekat Stasiun Sudimara,"Rp 1,4 Miliar",10,No LT,No LB,No bedrooms,No bathrooms,No car slots
Rumah 2 Lantai Lokasi Strategis,"Rp 1,4 Miliar",13,No LT,No LB,No bedrooms,No bathrooms,No car slots
Rumah 2 Lt Siap Huni Dibantu KPR 15 Menit ke Stasiun Poris Bisa Nego J25947,"Rp 1,05 Miliar",10,No LT,No LB,No bedrooms,No bathrooms,No car slots
"Rumah 2 Lantai Harga 1 Lantai, Modern Minimalis Fasilitas Lengkap Lingkungan Nyaman, Selangkah Ke Krl Rawabuntu.","Rp 1,68 Miliar",17,No LT,No LB,No bedrooms,No bathrooms,No car slots
Rumah Brand New Senayan Bintaro Jaya Sektor 9 Ada Kolam Renang,"Rp 7,4 Miliar",10,No LT,No LB,No bedrooms,No bathrooms,No car slots
"Rumah Mewah 2 Lantai di Kawasan Matera, Gading Serpong","Rp 7,25 Miliar",19,No LT,No LB,No bedrooms,No bathrooms,No car slots
"Jual Rugi Rumah Siap Huni Green Village Cipondoh, Tangerang","Rp 1,32 Miliar",9,No LT,No LB,No bedrooms,No bathrooms,No car slots
"Rumah Luas Siap KPR / Cash di BSD Foresta, Area Premium","Rp 3,1 Miliar",7,No LT,No LB,No bedrooms,No bathrooms,No car slots
Rumah 2lt Dinusaloka 2 Lantai Rumah,"Rp 1,45 Miliar",5,No LT,No LB,No bedrooms,No bathrooms,No car slots
Rumah Bagus Murah Di Boulevard Puspita Loka Bsd City 2 Lantai Shm Hadap Barat,Rp 4 Miliar,20,No LT,No LB,No bedrooms,No bathrooms,No car slots
Kalimaya Park,No price,Official Developer,No LT,No LB,No bedrooms,No bathrooms,No car slots
Dijual Rumah 3 Lantai Baru Belum Dihuni Cluster Leonora Gading Serpong Symphonia Tangerang Banten Bagus Dekat Bethsaida Pradita Bsd,"Rp 2,8 Miliar",20,No LT,No LB,No bedrooms,No bathrooms,No car slots
Dijual Rumah Full Furnished Fleekhauz Bsd Samping Greenwich Bsd City Serpong Tangerang Bagus Tinggal Bawa Koper Depan Taman,"Rp 1,3 Miliar",20,No LT,No LB,No bedrooms,No bathrooms,No car slots
Rumah Mewah Di Cluster Winona Alam Sutera ( 7 X 18 ),"Rp 5,3 Miliar",26,No LT,No LB,No bedrooms,No bathrooms,No car slots
Alana Signature,No price,Official Developer,No LT,No LB,No bedrooms,No bathrooms,No car slots
Di Jual Rumah Mewah Di Alam Sutera Cluster Orlanda ( 7x20 ),"Rp 4,97 Miliar",23,No LT,No LB,No bedrooms,No bathrooms,No car slots
Dijual Rumah Rapi Siap Huni Fleekhauz Bsd City Full Furnished Tinggal Bawa Koper Beda Dari Tipe Standard,"Rp 1,35 Miliar",14,No LT,No LB,No bedrooms,No bathrooms,No car slots
"Rumah di Alam Sutera Cluster Rasuna 2 Lantai 7 Menit Ke Tol Arah Bandara, Tangerang","Rp 1,37 Miliar",4,No LT,No LB,No bedrooms,No bathrooms,No car slots
Kaia Estate Bintaro,No price,Official Developer,No LT,No LB,No bedrooms,No bathrooms,No car slots
"Rumah di Sutera Rasuna Belakang Ikea Alam Sutera Jarang Ada, Tangerang","Rp 2,25 Miliar",14,No LT,No LB,No bedrooms,No bathrooms,No car slots
Rumah 2 Lantai Diserpong Dkt Stasiun Dan Tol Bsd,"Rp 1,1 Miliar",10,No LT,No LB,No bedrooms,No bathrooms,No car slots
Rumah berkualitas dekat taman kota 2 bsd serpong,"Rp 1,1 Miliar",8,No LT,No LB,No bedrooms,No bathrooms,No car slots
Ananta Residence,No price,Official Developer,No LT,No LB,No bedrooms,No bathrooms,No car slots
"Rumah 2 lantai lokasi dekat tol, setasiun rawa buntu BSD serpong","Rp 1,2 Miliar",10,No LT,No LB,No bedrooms,No bathrooms,No car slots
Rumah siap huni dekat stasiun dan tol bsd serpong,"Rp 1,1 Miliar",9,No LT,No LB,No bedrooms,No bathrooms,No car slots
Rumah Seken Terawat 10 Menit Ke Gerbang Tol Bsd Barat 1 Dibantu Kpr J23575,"Rp 1,02 Miliar",3,No LT,No LB,No bedrooms,No bathrooms,No car slots
Rumah 2 Lt Hadap Utara 6 Menit Ke Rsud Pondok Aren Carport Luas Siap Kpr J23890,"Rp 2,3 Miliar",27,No LT,No LB,No bedrooms,No bathrooms,No car slots
Rumah SHM 15 Menit Ke Mall Bintaro Jaya Xchange Harga Nego J11459,"Rp 1,05 Miliar",7,No LT,No LB,No bedrooms,No bathrooms,No car slots
DIJUAL RUMAH HUK @CRYSTAL GADING SERPONG TAMAN LUAS LOKASI STRATEGIS,Rp 3 Miliar,7,No LT,No LB,No bedrooms,No bathrooms,No car slots
"Rumah Cluster Alcante 16x18 Gading Serpong, Shm, Furnished","Rp 8,5 Miliar",11,No LT,No LB,No bedrooms,No bathrooms,No car slots
Rumah Huk 3 Lantai Icon Bsd Harga Bagus Sangat Terawat Area Balkon Untuk Santai Lok Oke,"Rp 3,5 Miliar",15,No LT,No LB,No bedrooms,No bathrooms,No car slots
Rumah Nego 15 menit ke The Breeze BSD City Siap Huni Dibantu KPR J25243,"Rp 1,29 Miliar",10,No LT,No LB,No bedrooms,No bathrooms,No car slots
Rumah Premium Dipamulang Dekat Islamic Global School,"Rp 1,3 Miliar",10,No LT,No LB,No bedrooms,No bathrooms,No car slots
Griya Idola Residence,No price,Official Developer,No LT,No LB,No bedrooms,No bathrooms,No car slots
Cepat Rumah Cantik 2 Lantai Murah Di Serpong,"Rp 1,3 Miliar",9,No LT,No LB,No bedrooms,No bathrooms,No car slots
Rumah Shm Bagus Rapi Siap Huni Di Alam Sutera,Rp 2 Miliar,10,No LT,No LB,No bedrooms,No bathrooms,No car slots
Rumah Cantik Di Bsd Serpong Terawat Siap Huni Di Pojok Cepat Bu,"Rp 1,3 Miliar",13,No LT,No LB,No bedrooms,No bathrooms,No car slots
Kota Cakra,No price,Official Developer,No LT,No LB,No bedrooms,No bathrooms,No car slots
Rumah Kokoh Bagus Dengan Tanah Luas di Serpong,"Rp 1,3 Miliar",7,No LT,No LB,No bedrooms,No bathrooms,No car slots
Rumah 2 Lantai Shm Murah Dan Bagus Di The Green Bsd,"Rp 4,35 Miliar",13,No LT,No LB,No bedrooms,No bathrooms,No car slots
Rumah SHM LT 120 Hadap Selatan 15 menit ke Grand Serpong Mall J17804,"Rp 2,04 Miliar",6,No LT,No LB,No bedrooms,No bathrooms,No car slots
Balboa Estate Hillside,No price,Official Developer,No LT,No LB,No bedrooms,No bathrooms,No car slots
Rumah Seken Terawat Siap Huni LT 144 dekat Transpark Mall Bintaro Dibantu KPR J14205,"Rp 1,66 Miliar",9,No LT,No LB,No bedrooms,No bathrooms,No car slots
Rumah LT 139 Siap KPR Harga Nego 10 Mnt ke Mall Transpark Bintaro J10604,"Rp 3,42 Miliar",10,No LT,No LB,No bedrooms,No bathrooms,No car slots
Rumah Siap Huni Hadap Utara 15 Mnt ke Stasiun Sudimara Bisa Nego J14200,"Rp 1,28 Miliar",10,No LT,No LB,No bedrooms,No bathrooms,No car slots
Griya Lestari Pamulang,No price,Official Developer,No LT,No LB,No bedrooms,No bathrooms,No car slots
Rumah Cantik 2 Lantai 15 Menit Ke The Breeze Bsd City Siap Kpr J17581,"Rp 2,03 Miliar",10,No LT,No LB,No bedrooms,No bathrooms,No car slots
Rumah LT 176 Hadap Selatan Siap KPR 15 menit ke The Breeze BSD City J25333,"Rp 2,47 Miliar",10,No LT,No LB,No bedrooms,No bathrooms,No car slots
Rumah Siap Huni 2 Lt Harga Nego 9 Menit Ke Itc Bsd Dibantu Kpr J19051,"Rp 2,25 Miliar",11,No LT,No LB,No bedrooms,No bathrooms,No car slots
Rumah Strategis 15 menit ke Living World Alam Sutera Hadap Selatan Dibantu KPR J22323,"Rp 1,43 Miliar",4,No LT,No LB,No bedrooms,No bathrooms,No car slots
"Rumah Tanah Luas Di Bintaro, Pasar Modern, Rspi, Harga Nego..","Rp 5,6 MiliarRp 5.8MHEMAT 250 Jutaan",-4%,No LT,No LB,No bedrooms,No bathrooms,No car slots
Rumah 2 Lt Siap Huni 10 Menit Ke Summarecon Mall Serpong Harga Nego Siap Kpr J9383,"Rp 1,44 Miliar",10,No LT,No LB,No bedrooms,No bathrooms,No car slots
Rumah Hadap Selatan 15 Menit ke Grand Serpong Mall Dibantu KPR Bisa Nego J25173,Rp 990 Juta,9,No LT,No LB,No bedrooms,No bathrooms,No car slots
Rumah Mewah Hook 15 Menit ke Supermal Karawaci LT 253 Harga Nego J11363,"Rp 3,36 Miliar",10,No LT,No LB,No bedrooms,No bathrooms,No car slots
Rumah Minimalis Hook di Tangerang Hanya 6 Menit ke Summarecon Mall Serpong Siap KPR J8290,"Rp 1,61 Miliar",10,No LT,No LB,No bedrooms,No bathrooms,No car slots
Rumah Idaman 3 Kt Strategis Hanya 10 Menit Ke Summarecon Mall Serpong Harga Nego J8533,"Rp 2,2 Miliar",5,No LT,No LB,No bedrooms,No bathrooms,No car slots
Paradise Resort City,No price,Official Developer,No LT,No LB,No bedrooms,No bathrooms,No car slots
"Rumah Hook Siap Huni 15 Menit Ke Stasiun Cisauk, Tangerang Harga Nego J21081","Rp 1,02 Miliar",10,No LT,No LB,No bedrooms,No bathrooms,No car slots
Rumah Minimalis Siap Huni dekat Mall The Breeze BSD City Semi Furnished J14973,Rp 970 Juta,10,No LT,No LB,No bedrooms,No bathrooms,No car slots
"Rumah Mewah 2 Lantai Ready Furnished Dekat The Breeze Bsd City, Tangerang J17581","Rp 2,03 Miliar",10,No LT,No LB,No bedrooms,No bathrooms,No car slots
Bintaro Jaya,No price,Official Developer,No LT,No LB,No bedrooms,No bathrooms,No car slots
Hunian Mewah 2 Lantai Shm Sudah Renov 10 Mnt Ke The Breeze Bsd City J18689,"Rp 3,8 Miliar",10,No LT,No LB,No bedrooms,No bathrooms,No car slots
Rumah Ready Furnished Siap KPR10 menit ke Terminal BSD Harga Nego J21913,Rp 1 Miliar,10,No LT,No LB,No bedrooms,No bathrooms,No car slots
Rumah Luas LB 260 Bisa Nego 10 Menit ke AEON Mall BSD City J22380,"Rp 5,35 Miliar",48,No LT,No LB,No bedrooms,No bathrooms,No car slots
The Grand Mansion,No price,Official Developer,No LT,No LB,No bedrooms,No bathrooms,No car slots
Rumah 2 Lantai 4KT 6 Menit ke Stasiun KA Sudimara Siap KPR J11293,"Rp 3,08 Miliar",10,No LT,No LB,No bedrooms,No bathrooms,No car slots
Rumah SHM 5 Kamar Tidur dekat Mall Alam Sutera di Bintaro Harga Nego J12437,"Rp 1,37 Miliar",10,No LT,No LB,No bedrooms,No bathrooms,No car slots
Termurah Jual Rugi Rumah 2.5Lt Attic Room Di Kawasan Premium Bsd,"Rp 3,25 Miliar",10,No LT,No LB,No bedrooms,No bathrooms,No car slots
Rumah Minimalis 2 Lantai 10 menit ke Stasiun Rawa Buntu Nego J20417,"Rp 1,82 Miliar",10,No LT,No LB,No bedrooms,No bathrooms,No car slots
Rumah SHM LT 167 Bisa Nego 7 menit ke Gerbang Tol Bintaro Viaduct Siap KPR J24840,"Rp 3,11 Miliar",10,No LT,No LB,No bedrooms,No bathrooms,No car slots
Turun Harga Rumah Bagus Siap Huni di Cluster Leonora Super BU,"Rp 2,82 Miliar",8,No LT,No LB,No bedrooms,No bathrooms,No car slots
Rumah SHM 2 Lt Siap Kpr 13 Mnt Ke Summarecon Mall Serpong J21466,"Rp 1,18 Miliar",9,No LT,No LB,No bedrooms,No bathrooms,No car slots
Rumah Mewah 2 Lt Hadap Selatan 7 Menit ke Summarecon Mall Serpong J9467,"Rp 2,68 Miliar",10,No LT,No LB,No bedrooms,No bathrooms,No car slots
Rumah Idaman Siap KPR 15 mnt ke Summarecon Mall Serpong Tangerang J20892,"Rp 2,14 Miliar",10,No LT,No LB,No bedrooms,No bathrooms,No car slots
Rumah 2 Lt SHM LT 275 Bisa Nego 15 Menit ke Grand Serpong Mall Siap KPR J26164,"Rp 4,82 Miliar",10,No LT,No LB,No bedrooms,No bathrooms,No car slots
Rumah Cantik Carport Luas 10 menit ke Supermall Karawaci Harga Nego Siap KPR J19702,"Rp 2,25 Miliar",10,No LT,No LB,No bedrooms,No bathrooms,No car slots
Rumah Hadap Utara Siap Huni 7 Menit ke Terminal BSD Harga Nego Dibantu KPR J24372,"Rp 1,29 Miliar",49,No LT,No LB,No bedrooms,No bathrooms,No car slots
Rumah Siap Huni 2 Lantai Shm Dekat The Breeze Bsd City Harga Nego J18689,"Rp 3,8 Miliar",10,No LT,No LB,No bedrooms,No bathrooms,No car slots
"Rumah 15 Mnt Ke Stasiun Cisauk, Tangerang Ready Furnished Harga Nego J19418",Rp 740 Juta,10,No LT,No LB,No bedrooms,No bathrooms,No car slots
Rumah Sudah Renov Semi Furnished 15 Menit ke Mall AEON BSD City Harga Nego J21917,Rp 1 Miliar,22,No LT,No LB,No bedrooms,No bathrooms,No car slots
Rumah 2 Lt SHM LT 120 Bisa Nego Siap KPR 8 menit ke BSD Plaza J12387,"Rp 1,72 Miliar",10,No LT,No LB,No bedrooms,No bathrooms,No car slots
Rumah Modern Dibantu KPR 15 Mnt ke Living World Alam Sutera Bisa Nego J25818,"Rp 1,24 Miliar",10,No LT,No LB,No bedrooms,No bathrooms,No car slots
Rumah 6 Menit ke Mall Paradise Walk Serpong Hadap Selatan Siap KPR J22408,Rp 870 Juta,10,No LT,No LB,No bedrooms,No bathrooms,No car slots
Rumah SHM dekat RS Medika BSD Harga Nego Dibantu KPR J21240,"Rp 1,08 Miliar",9,No LT,No LB,No bedrooms,No bathrooms,No car slots
Rumah Murah Siap Huni Dekat Pintu Tol Serpong Harga Nego Siap KPR J19737,Rp 530 Juta,14,No LT,No LB,No bedrooms,No bathrooms,No car slots
Rumah Cantik Ada Carport 15 Mnt ke Taman Kota 2 BSD Semi Furnished J23225,Rp 980 Juta,20,No LT,No LB,No bedrooms,No bathrooms,No car slots
Rumah 2 Lantai Mewah Harga Nego 10 Menit Ke Gerbang Tol di Tangerang Selatan J22662,"Rp 1,14 Miliar",23,No LT,No LB,No bedrooms,No bathrooms,No car slots
Rumah 2 Lt SHM LT 125 Harga Nego 15 Menit ke RSU Kota Tangerang Selatan J22496,"Rp 1,35 Miliar",10,No LT,No LB,No bedrooms,No bathrooms,No car slots
Rumah Lt 174 Hadap Utara 9 Mnt Ke Stasiun Pondok Ranji J20145,"Rp 2,25 Miliar",5,No LT,No LB,No bedrooms,No bathrooms,No car slots
Rumah Strategis 3 Lt Bisa Nego dekat Bintaro Jaya Xchange Mall Dibantu KPR J15085,Rp 970 Juta,10,No LT,No LB,No bedrooms,No bathrooms,No car slots
